[
    {
        "school_id": 80,
        "school_name": "3iL Ingénieurs (Limoges)",
        "score": 5
    },
    {
        "school_id": 81,
        "school_name": "Agrocampus Ouest (Rennes)",
        "score": 3
    },
    {
        "school_id": 82,
        "school_name": "AgroParisTech (Paris)",
        "score": 4
    },
    {
        "school_id": 83,
        "school_name": "Arts et Métiers - Institut de Chambéry (Le Bo",
        "score": 1
    },
    {
        "school_id": 84,
        "school_name": "Arts et Métiers ParisTech (Paris)",
        "score": 3
    },
    {
        "school_id": 85,
        "school_name": "BNEI (Paris)",
        "score": 6
    },
    {
        "school_id": 6,
        "school_name": "BORDEAUX IPB / ENSEIRB-MATMECA / ENSEIRB-MATM",
        "score": 6
    },
    {
        "school_id": 86,
        "school_name": "Bordeaux Sciences Agro (Gradignan)",
        "score": 3
    },
    {
        "school_id": 87,
        "school_name": "CampusID (Sophia Antipolis)",
        "score": 2
    },
    {
        "school_id": 88,
        "school_name": "Centrale Lille (Villeneuve d'Ascq)",
        "score": 5
    },
    {
        "school_id": 89,
        "school_name": "Centrale Lyon (Ecully)",
        "score": 4
    },
    {
        "school_id": 90,
        "school_name": "Centrale Marseille (Marseille)",
        "score": 6
    },
    {
        "school_id": 91,
        "school_name": "Centrale Nantes (Nantes)",
        "score": 5
    },
    {
        "school_id": 92,
        "school_name": "CentraleSupélec (Châtenay-Malabry)",
        "score": 1
    },
    {
        "school_id": 93,
        "school_name": "CentraleSupélec (SUPELEC) (Gif-sur-Yvette)",
        "score": 2
    },
    {
        "school_id": 94,
        "school_name": "Cours d'Enseignement Technique de l'Armée de ",
        "score": 3
    },
    {
        "school_id": 95,
        "school_name": "CPE Lyon (Villeurbanne)",
        "score": 1
    },
    {
        "school_id": 8,
        "school_name": "EA / EOAA - Ecole d'Officiers de l'Armée de l",
        "score": 0
    },
    {
        "school_id": 9,
        "school_name": "EBI / EBI",
        "score": 2
    },
    {
        "school_id": 96,
        "school_name": "ECAM Lyon (Lyon)",
        "score": 2
    },
    {
        "school_id": 10,
        "school_name": "ECAM Rennes / ECAM Rennes - Louis De Broglie",
        "score": 5
    },
    {
        "school_id": 98,
        "school_name": "ECAM Strasbourg-Europe (Strasbourg Cedex)",
        "score": 1
    },
    {
        "school_id": 97,
        "school_name": "ECAM-EPMI (Cergy-Pontoise)",
        "score": 1
    },
    {
        "school_id": 11,
        "school_name": "ECE Paris / ECE Paris",
        "score": 2
    },
    {
        "school_id": 99,
        "school_name": "Ecole d'ingénieurs ISIS (Castres)",
        "score": 3
    },
    {
        "school_id": 100,
        "school_name": "Ecole de pilotage de l'Armée de l'air (Cognac",
        "score": 4
    },
    {
        "school_id": 101,
        "school_name": "Ecole Des Fourriers (QUERQUEVILLE)",
        "score": 2
    },
    {
        "school_id": 102,
        "school_name": "Ecole des Mines de Douai (Douai)",
        "score": 3
    },
    {
        "school_id": 103,
        "school_name": "Ecole des Mines d’Alès (Alès)",
        "score": 4
    },
    {
        "school_id": 105,
        "school_name": "Ecole des Ponts (Marne-la-Vallée)",
        "score": 4
    },
    {
        "school_id": 104,
        "school_name": "Ecole des pupilles de l’air (Saint-Ismier)",
        "score": 6
    },
    {
        "school_id": 106,
        "school_name": "Ecole IPSSI (Paris)",
        "score": 0
    },
    {
        "school_id": 107,
        "school_name": "Ecole Militaire Préparatoire (ROCHEFORT AIR)",
        "score": 5
    },
    {
        "school_id": 7,
        "school_name": "École Nationale des Sciences Géographiques / ",
        "score": 5
    },
    {
        "school_id": 108,
        "school_name": "Ecole Navale (Brest-Armées)",
        "score": 0
    },
    {
        "school_id": 109,
        "school_name": "Ecole Polytechnique (Palaiseau)",
        "score": 3
    },
    {
        "school_id": 110,
        "school_name": "Ecole Technique Préparatoire (CHERBOURG OCTEV",
        "score": 5
    },
    {
        "school_id": 111,
        "school_name": "ECPM (Strasbourg)",
        "score": 5
    },
    {
        "school_id": 112,
        "school_name": "EEIGM (Nancy)",
        "score": 2
    },
    {
        "school_id": 12,
        "school_name": "EFREI / Efrei",
        "score": 0
    },
    {
        "school_id": 113,
        "school_name": "EI Purpan (Toulouse)",
        "score": 1
    },
    {
        "school_id": 13,
        "school_name": "EI.CESI / ei.CESI",
        "score": 2
    },
    {
        "school_id": 114,
        "school_name": "EI.CESI, centre d'Aix-en-Provence (Aix-en-Pro",
        "score": 5
    },
    {
        "school_id": 115,
        "school_name": "EI.CESI, centre d'Angoulême (La Couronne)",
        "score": 5
    },
    {
        "school_id": 116,
        "school_name": "EI.CESI, centre d'Arras (Arras)",
        "score": 5
    },
    {
        "school_id": 117,
        "school_name": "EI.CESI, centre de Bordeaux (Blanquefort)",
        "score": 2
    },
    {
        "school_id": 118,
        "school_name": "EI.CESI, centre de Grenoble (Meylan)",
        "score": 6
    },
    {
        "school_id": 119,
        "school_name": "EI.CESI, centre de La Réunion (Saint-Pierre)",
        "score": 5
    },
    {
        "school_id": 120,
        "school_name": "EI.CESI, centre de La Rochelle (La Rochelle)",
        "score": 1
    },
    {
        "school_id": 122,
        "school_name": "EI.CESI, centre de Lille (Lille)",
        "score": 2
    },
    {
        "school_id": 121,
        "school_name": "EI.CESI, centre de Lyon (Ecully)",
        "score": 1
    },
    {
        "school_id": 123,
        "school_name": "EI.CESI, centre de Montpellier (Montpellier)",
        "score": 1
    },
    {
        "school_id": 124,
        "school_name": "EI.CESI, centre de Nancy (Villiers-lès-Nancy)",
        "score": 4
    },
    {
        "school_id": 125,
        "school_name": "EI.CESI, centre de Nantes (nantes)",
        "score": 1
    },
    {
        "school_id": 126,
        "school_name": "EI.CESI, centre de Nice (Sophia Antipolis)",
        "score": 4
    },
    {
        "school_id": 127,
        "school_name": "EI.CESI, centre de Pau (Assat)",
        "score": 1
    },
    {
        "school_id": 128,
        "school_name": "EI.CESI, centre de Reims (Reims)",
        "score": 3
    },
    {
        "school_id": 129,
        "school_name": "EI.CESI, centre de Rouen (Mont-Saint-Aignan)",
        "score": 1
    },
    {
        "school_id": 130,
        "school_name": "EI.CESI, centre de Saint-Nazaire (Saint-Nazai",
        "score": 6
    },
    {
        "school_id": 131,
        "school_name": "EI.CESI, centre de Strasbourg (Lingolsheim)",
        "score": 5
    },
    {
        "school_id": 132,
        "school_name": "EI.CESI, centre de Toulouse (Labège)",
        "score": 2
    },
    {
        "school_id": 133,
        "school_name": "EI.CESI, centre d’Orléans (Olivet)",
        "score": 4
    },
    {
        "school_id": 134,
        "school_name": "EI.CESI, centre Le Mans (Le Mans)",
        "score": 2
    },
    {
        "school_id": 135,
        "school_name": "EICNAM (Nancy)",
        "score": 2
    },
    {
        "school_id": 136,
        "school_name": "EiCnam - IIT BTP (Reims)",
        "score": 4
    },
    {
        "school_id": 14,
        "school_name": "EIDD PARIS / EIDD",
        "score": 4
    },
    {
        "school_id": 138,
        "school_name": "EIGSI (La Rochelle)",
        "score": 3
    },
    {
        "school_id": 17,
        "school_name": "EIL CÔTE D’OPALE / EIL Côte d'Opale",
        "score": 5
    },
    {
        "school_id": 15,
        "school_name": "EISTI / EISTI",
        "score": 1
    },
    {
        "school_id": 137,
        "school_name": "EIVP (Paris)",
        "score": 2
    },
    {
        "school_id": 140,
        "school_name": "ELISA Aerospace (Saint Quentin)",
        "score": 5
    },
    {
        "school_id": 139,
        "school_name": "EM Nantes (Nantes)",
        "score": 6
    },
    {
        "school_id": 141,
        "school_name": "EMAC - Albi Carmeaux (Albi CT)",
        "score": 2
    },
    {
        "school_id": 142,
        "school_name": "EME (Bruz)",
        "score": 5
    },
    {
        "school_id": 147,
        "school_name": "EMSAM (Montpellier)",
        "score": 4
    },
    {
        "school_id": 16,
        "school_name": "ENAC / ENAC",
        "score": 6
    },
    {
        "school_id": 18,
        "school_name": "ENGEES STRASBOURG / ENGEES",
        "score": 2
    },
    {
        "school_id": 143,
        "school_name": "ENI Ecole Informatique (Chartres de Bretagne)",
        "score": 1
    },
    {
        "school_id": 145,
        "school_name": "ENI Ecole Informatique (Saint-Herblain)",
        "score": 1
    },
    {
        "school_id": 146,
        "school_name": "ENI Saint-Etienne (Saint-Etienne)",
        "score": 5
    },
    {
        "school_id": 144,
        "school_name": "ENIB Brest (Brest)",
        "score": 1
    },
    {
        "school_id": 148,
        "school_name": "ENIM (Metz)",
        "score": 3
    },
    {
        "school_id": 149,
        "school_name": "ENIT (Tarbes)",
        "score": 2
    },
    {
        "school_id": 150,
        "school_name": "ENIVL (Blois)",
        "score": 3
    },
    {
        "school_id": 151,
        "school_name": "ENM (Toulouse)",
        "score": 6
    },
    {
        "school_id": 19,
        "school_name": "ENSAE PARISTECH / ENSAE - ParisTech",
        "score": 4
    },
    {
        "school_id": 20,
        "school_name": "ENSAI / ENSAI",
        "score": 4
    },
    {
        "school_id": 153,
        "school_name": "ENSAIA (Vandoeuvre-lès-Nancy)",
        "score": 2
    },
    {
        "school_id": 152,
        "school_name": "ENSAIT (Roubaix)",
        "score": 5
    },
    {
        "school_id": 154,
        "school_name": "ENSAT (Castanet-Tolosan)",
        "score": 3
    },
    {
        "school_id": 155,
        "school_name": "ENSC (Talence)",
        "score": 4
    },
    {
        "school_id": 156,
        "school_name": "ENSC Montpellier (Montpellier)",
        "score": 5
    },
    {
        "school_id": 21,
        "school_name": "ENSC Rennes / ENSCR",
        "score": 4
    },
    {
        "school_id": 157,
        "school_name": "ENSCBP (Pessac)",
        "score": 3
    },
    {
        "school_id": 23,
        "school_name": "ENSCCF CLERMONT-FERRAND / ENSC Clermont-Ferra",
        "score": 2
    },
    {
        "school_id": 22,
        "school_name": "ENSCI LIMOGES / ENSCI",
        "score": 3
    },
    {
        "school_id": 158,
        "school_name": "ENSCI Paris (Paris)",
        "score": 2
    },
    {
        "school_id": 159,
        "school_name": "ENSCL (Villeneuve-d’Ascq)",
        "score": 1
    },
    {
        "school_id": 160,
        "school_name": "ENSCMu Mulhouse (Mulhouse)",
        "score": 1
    },
    {
        "school_id": 161,
        "school_name": "ENSCP Chimie ParisTech (Paris)",
        "score": 2
    },
    {
        "school_id": 163,
        "school_name": "ENSEA (Cergy-Pontoise)",
        "score": 1
    },
    {
        "school_id": 164,
        "school_name": "ENSEEIHT (Toulouse)",
        "score": 4
    },
    {
        "school_id": 162,
        "school_name": "ENSEGID (Pessac)",
        "score": 1
    },
    {
        "school_id": 165,
        "school_name": "ENSEM (Vandoeuvre-lès-Nancy)",
        "score": 4
    },
    {
        "school_id": 166,
        "school_name": "ENSG (Marne-la-Vallée cedex)",
        "score": 4
    },
    {
        "school_id": 24,
        "school_name": "ENSGSI NANCY / ENSGSI",
        "score": 1
    },
    {
        "school_id": 167,
        "school_name": "ENSGTI (Pau)",
        "score": 4
    },
    {
        "school_id": 25,
        "school_name": "ENSI POITIERS / ENSIP",
        "score": 5
    },
    {
        "school_id": 168,
        "school_name": "ENSIA (Montpellier)",
        "score": 2
    },
    {
        "school_id": 169,
        "school_name": "ENSIACET (Toulouse)",
        "score": 0
    },
    {
        "school_id": 26,
        "school_name": "ENSIAME / ENSIAME",
        "score": 6
    },
    {
        "school_id": 170,
        "school_name": "ENSIATE (Nanterre)",
        "score": 5
    },
    {
        "school_id": 171,
        "school_name": "ENSIBS (Lorient)",
        "score": 1
    },
    {
        "school_id": 172,
        "school_name": "ENSIC (Nancy)",
        "score": 6
    },
    {
        "school_id": 173,
        "school_name": "ENSICAEN (Caen)",
        "score": 5
    },
    {
        "school_id": 27,
        "school_name": "ENSIIE / ENSIIE",
        "score": 1
    },
    {
        "school_id": 174,
        "school_name": "ENSIL (Limoges)",
        "score": 4
    },
    {
        "school_id": 175,
        "school_name": "ENSIM (Le Mans)",
        "score": 2
    },
    {
        "school_id": 176,
        "school_name": "ENSIM (Versailles)",
        "score": 4
    },
    {
        "school_id": 177,
        "school_name": "ENSISA (Mulhouse)",
        "score": 3
    },
    {
        "school_id": 178,
        "school_name": "ENSM (Le Havre)",
        "score": 0
    },
    {
        "school_id": 179,
        "school_name": "ENSM.SE (Gardanne)",
        "score": 1
    },
    {
        "school_id": 180,
        "school_name": "ENSMM (Besançon)",
        "score": 5
    },
    {
        "school_id": 181,
        "school_name": "ENSMN (Nancy)",
        "score": 2
    },
    {
        "school_id": 183,
        "school_name": "ENSNP (Blois)",
        "score": 5
    },
    {
        "school_id": 182,
        "school_name": "ENSPM / IFP SCHOOL (Rueil-Malmaison)",
        "score": 3
    },
    {
        "school_id": 184,
        "school_name": "ENSSAT Lannion (Lannion)",
        "score": 4
    },
    {
        "school_id": 28,
        "school_name": "ENSTA BRETAGNE / ENSTA Bretagne (ex-Ensieta)",
        "score": 1
    },
    {
        "school_id": 29,
        "school_name": "ENSTA ParisTech / ENSTA ParisTech",
        "score": 1
    },
    {
        "school_id": 185,
        "school_name": "ENSTBB (Bordeaux)",
        "score": 5
    },
    {
        "school_id": 186,
        "school_name": "ENSTIB (Epinal)",
        "score": 2
    },
    {
        "school_id": 30,
        "school_name": "ENTPE / ENTPE",
        "score": 5
    },
    {
        "school_id": 187,
        "school_name": "EOGN (Melun)",
        "score": 5
    },
    {
        "school_id": 31,
        "school_name": "EOST Strasbourg / EOST",
        "score": 2
    },
    {
        "school_id": 32,
        "school_name": "EPF / EPF",
        "score": 4
    },
    {
        "school_id": 2,
        "school_name": "Epita",
        "score": 1
    },
    {
        "school_id": 189,
        "school_name": "EPITA (Le Kremlin-Bicêtre)",
        "score": 2
    },
    {
        "school_id": 1,
        "school_name": "Epitech",
        "score": 4
    },
    {
        "school_id": 188,
        "school_name": "Epitech (Le Kremlin-Bicêtre)",
        "score": 3
    },
    {
        "school_id": 190,
        "school_name": "EPSI Arras (Arras)",
        "score": 1
    },
    {
        "school_id": 191,
        "school_name": "EPSI Bordeaux (Bordeaux)",
        "score": 4
    },
    {
        "school_id": 192,
        "school_name": "EPSI Grenoble (Gières)",
        "score": 4
    },
    {
        "school_id": 193,
        "school_name": "EPSI Lyon (Lyon)",
        "score": 4
    },
    {
        "school_id": 194,
        "school_name": "EPSI Montpellier (Montpellier)",
        "score": 1
    },
    {
        "school_id": 196,
        "school_name": "EPSI Nantes (Nantes)",
        "score": 0
    },
    {
        "school_id": 195,
        "school_name": "EPSI Paris (Levallois-Perret)",
        "score": 3
    },
    {
        "school_id": 197,
        "school_name": "ERP Maginot (Roubaix)",
        "score": 4
    },
    {
        "school_id": 33,
        "school_name": "ESA Angers / ESA ANGERS - Groupe ESA",
        "score": 0
    },
    {
        "school_id": 198,
        "school_name": "ESA de Lyon-Bron (Bron)",
        "score": 3
    },
    {
        "school_id": 199,
        "school_name": "ESAA (Villebon-sur-Yvette)",
        "score": 4
    },
    {
        "school_id": 200,
        "school_name": "ESAG (Angers)",
        "score": 4
    },
    {
        "school_id": 201,
        "school_name": "ESAIP - Ecole d'Ingénieurs (Saint-Barthélémy-",
        "score": 6
    },
    {
        "school_id": 202,
        "school_name": "ESB (Nantes)",
        "score": 3
    },
    {
        "school_id": 203,
        "school_name": "ESBS (Illkirch)",
        "score": 1
    },
    {
        "school_id": 34,
        "school_name": "ESCOM COMPIÈGNE / ESCOM",
        "score": 4
    },
    {
        "school_id": 204,
        "school_name": "ESEO (Angers)",
        "score": 5
    },
    {
        "school_id": 205,
        "school_name": "ESFF (Sèvres)",
        "score": 4
    },
    {
        "school_id": 206,
        "school_name": "ESGI (Paris)",
        "score": 0
    },
    {
        "school_id": 207,
        "school_name": "ESGT Le Mans - CNAM (Le Mans)",
        "score": 1
    },
    {
        "school_id": 208,
        "school_name": "ESIAB (Plouzané)",
        "score": 3
    },
    {
        "school_id": 35,
        "school_name": "ESIEA / ESIEA",
        "score": 4
    },
    {
        "school_id": 36,
        "school_name": "ESIEE AMIENS / ESIEE Amiens",
        "score": 1
    },
    {
        "school_id": 209,
        "school_name": "ESIEE Paris (Noisy-Le Grand)",
        "score": 2
    },
    {
        "school_id": 37,
        "school_name": "ESIGELEC Rouen / ESIGELEC",
        "score": 1
    },
    {
        "school_id": 38,
        "school_name": "ESIGETEL / ESIGETEL",
        "score": 4
    },
    {
        "school_id": 210,
        "school_name": "ESII (Mérignac)",
        "score": 0
    },
    {
        "school_id": 211,
        "school_name": "ESIL (Marseille)",
        "score": 3
    },
    {
        "school_id": 39,
        "school_name": "ESILV / ESILV - Ecole Supérieure d'Ingénieurs",
        "score": 1
    },
    {
        "school_id": 212,
        "school_name": "ESIR (Rennes)",
        "score": 3
    },
    {
        "school_id": 213,
        "school_name": "ESIReims (ESIEC) (Reims)",
        "score": 0
    },
    {
        "school_id": 40,
        "school_name": "ESIREM Dijon / ESIREM",
        "score": 2
    },
    {
        "school_id": 215,
        "school_name": "ESIROI (Sainte-Clotilde)",
        "score": 6
    },
    {
        "school_id": 41,
        "school_name": "ESITC CACHAN / ESITC Cachan",
        "score": 1
    },
    {
        "school_id": 42,
        "school_name": "ESITC CAEN / ESITC Caen",
        "score": 3
    },
    {
        "school_id": 43,
        "school_name": "ESITC METZ / ESITC Metz",
        "score": 2
    },
    {
        "school_id": 214,
        "school_name": "Esitpa (Mont-Saint-Aignan)",
        "score": 4
    },
    {
        "school_id": 216,
        "school_name": "ESIX Normandie (Caen)",
        "score": 3
    },
    {
        "school_id": 217,
        "school_name": "ESM (Groupe Mines de Douai) (Douai)",
        "score": 5
    },
    {
        "school_id": 44,
        "school_name": "ESM SAINT-CYR / ESM Saint-Cyr",
        "score": 4
    },
    {
        "school_id": 218,
        "school_name": "ESME Sudria (Ivry-sur-Seine)",
        "score": 0
    },
    {
        "school_id": 219,
        "school_name": "ESPCI ParisTech (Paris)",
        "score": 2
    },
    {
        "school_id": 220,
        "school_name": "ESSA (Yutz)",
        "score": 5
    },
    {
        "school_id": 221,
        "school_name": "ESSA BORDEAUX (Bordeaux Armées)",
        "score": 6
    },
    {
        "school_id": 222,
        "school_name": "ESSTIN (Vandoeuvre-lès-Nancy)",
        "score": 3
    },
    {
        "school_id": 45,
        "school_name": "ESTACA PARIS-LAVAL / ESTACA",
        "score": 6
    },
    {
        "school_id": 223,
        "school_name": "ESTEI (Bordeaux)",
        "score": 5
    },
    {
        "school_id": 224,
        "school_name": "ESTIA (Bidart)",
        "score": 6
    },
    {
        "school_id": 46,
        "school_name": "ESTP / ESTP",
        "score": 6
    },
    {
        "school_id": 4,
        "school_name": "Etna",
        "score": 2
    },
    {
        "school_id": 225,
        "school_name": "ETNA (IVRY-SUR-SEINE)",
        "score": 5
    },
    {
        "school_id": 226,
        "school_name": "ETRS (Cesson-Sévigné)",
        "score": 2
    },
    {
        "school_id": 227,
        "school_name": "EURECOM (Biot Sophia Antipolis)",
        "score": 3
    },
    {
        "school_id": 49,
        "school_name": "exia.CESI / exia.CESI",
        "score": 0
    },
    {
        "school_id": 228,
        "school_name": "EXIA.CESI, Campus de Strasbourg (Strasbourg -",
        "score": 4
    },
    {
        "school_id": 229,
        "school_name": "EXIA.CESI, centre d'Arras (Arras)",
        "score": 0
    },
    {
        "school_id": 230,
        "school_name": "EXIA.CESI, centre de Lyon (Ecully)",
        "score": 5
    },
    {
        "school_id": 231,
        "school_name": "EXIA.CESI, centre de Nancy (Vandoeuvre lès Na",
        "score": 1
    },
    {
        "school_id": 232,
        "school_name": "EXIA.CESI, centre de Nice (Sophia Antipolis)",
        "score": 1
    },
    {
        "school_id": 233,
        "school_name": "EXIA.CESI, centre de Pau (Pau)",
        "score": 1
    },
    {
        "school_id": 234,
        "school_name": "EXIA.CESI, centre de Reims (Reims)",
        "score": 1
    },
    {
        "school_id": 236,
        "school_name": "EXIA.CESI, centre de Rouen (Mont Saint Aignan",
        "score": 6
    },
    {
        "school_id": 235,
        "school_name": "EXIA.CESI, centre de Saint-Nazaire (Saint-Naz",
        "score": 3
    },
    {
        "school_id": 237,
        "school_name": "EXIA.CESI, centre de Toulouse (Labège)",
        "score": 3
    },
    {
        "school_id": 238,
        "school_name": "EXIA.CESI, centre d’Aix-en-Provence (Aix-en-P",
        "score": 1
    },
    {
        "school_id": 239,
        "school_name": "EXIA.CESI, centre d’Orléans (Olivet)",
        "score": 5
    },
    {
        "school_id": 240,
        "school_name": "GRENOBLE INP - ENSE3 (Saint Martin d'Hères)",
        "score": 5
    },
    {
        "school_id": 47,
        "school_name": "Grenoble INP - Ensimag / ENSIMAG",
        "score": 6
    },
    {
        "school_id": 241,
        "school_name": "Grenoble INP - Génie industriel (Grenoble)",
        "score": 5
    },
    {
        "school_id": 242,
        "school_name": "Grenoble INP - Phelma (Grenoble)",
        "score": 5
    },
    {
        "school_id": 48,
        "school_name": "Grenoble INP – Esisar / GRENOBLE INP - ESISAR",
        "score": 5
    },
    {
        "school_id": 50,
        "school_name": "Grenoble INP – PAGORA / Grenoble INP - Pagora",
        "score": 3
    },
    {
        "school_id": 5,
        "school_name": "HEC",
        "score": 4
    },
    {
        "school_id": 51,
        "school_name": "HEI / HEI",
        "score": 5
    },
    {
        "school_id": 243,
        "school_name": "ICAM (La Roche-sur-Yon)",
        "score": 3
    },
    {
        "school_id": 244,
        "school_name": "ICAM Bretagne (Vannes)",
        "score": 3
    },
    {
        "school_id": 245,
        "school_name": "ICAM Lille (Lille Cedex)",
        "score": 5
    },
    {
        "school_id": 246,
        "school_name": "ICAM Nantes (Carquefou)",
        "score": 1
    },
    {
        "school_id": 247,
        "school_name": "ICAM Paris (Paris)",
        "score": 6
    },
    {
        "school_id": 248,
        "school_name": "ICAM Toulouse (Toulouse Cedex 3)",
        "score": 5
    },
    {
        "school_id": 249,
        "school_name": "IFFI - CNAM (Paris)",
        "score": 3
    },
    {
        "school_id": 52,
        "school_name": "IFMA / IFMA Clermont-Ferrand",
        "score": 2
    },
    {
        "school_id": 250,
        "school_name": "IG2I (Lens)",
        "score": 5
    },
    {
        "school_id": 251,
        "school_name": "IMERIR (Perpignan)",
        "score": 3
    },
    {
        "school_id": 252,
        "school_name": "IMIE (Rèze)",
        "score": 1
    },
    {
        "school_id": 253,
        "school_name": "IN'TECH (Ivry-sur-Seine)",
        "score": 1
    },
    {
        "school_id": 254,
        "school_name": "Infosup (Paris)",
        "score": 3
    },
    {
        "school_id": 255,
        "school_name": "Ingésup (Paris)",
        "score": 3
    },
    {
        "school_id": 256,
        "school_name": "inGHenia (IPHC) (Aulnoy lez Valenciennes)",
        "score": 1
    },
    {
        "school_id": 257,
        "school_name": "INSA Centre Val de Loire (Bourges)",
        "score": 1
    },
    {
        "school_id": 258,
        "school_name": "INSA Euro-Méditérannée (Fès)",
        "score": 2
    },
    {
        "school_id": 259,
        "school_name": "INSA Lyon (Villeurbanne)",
        "score": 3
    },
    {
        "school_id": 260,
        "school_name": "INSA Rennes (Rennes)",
        "score": 0
    },
    {
        "school_id": 262,
        "school_name": "INSA Rouen (Saint Etienne du Rouvray)",
        "score": 2
    },
    {
        "school_id": 261,
        "school_name": "INSA Strasbourg (Strasbourg)",
        "score": 5
    },
    {
        "school_id": 263,
        "school_name": "INSA Toulouse (Toulouse)",
        "score": 4
    },
    {
        "school_id": 264,
        "school_name": "INSTN (Gif-sur-Yvette)",
        "score": 5
    },
    {
        "school_id": 265,
        "school_name": "INTECHMER - CNAM (Cherbourg)",
        "score": 5
    },
    {
        "school_id": 266,
        "school_name": "Ionis-STM (Le Kremlin-Bicêtre)",
        "score": 1
    },
    {
        "school_id": 267,
        "school_name": "IPSA (Ivry-sur-Seine)",
        "score": 5
    },
    {
        "school_id": 55,
        "school_name": "ISA BTP / ISA-BTP",
        "score": 2
    },
    {
        "school_id": 268,
        "school_name": "ISA Lille (Lille)",
        "score": 4
    },
    {
        "school_id": 53,
        "school_name": "ISAE SUPAERO / ISAE",
        "score": 3
    },
    {
        "school_id": 54,
        "school_name": "ISAE-ENSMA POITIERS / ISAE-ENSMA",
        "score": 2
    },
    {
        "school_id": 57,
        "school_name": "ISARA LYON / ISARA Lyon",
        "score": 1
    },
    {
        "school_id": 270,
        "school_name": "ISAT (Nevers)",
        "score": 5
    },
    {
        "school_id": 269,
        "school_name": "ISBA-TP (Marseille)",
        "score": 3
    },
    {
        "school_id": 56,
        "school_name": "ISEL / ISEL",
        "score": 4
    },
    {
        "school_id": 271,
        "school_name": "ISEN Bitche (Bitche)",
        "score": 5
    },
    {
        "school_id": 58,
        "school_name": "ISEN Brest / ISEN Brest",
        "score": 4
    },
    {
        "school_id": 59,
        "school_name": "ISEN Lille / ISEN Lille",
        "score": 2
    },
    {
        "school_id": 273,
        "school_name": "ISEN Orléans (Orléans)",
        "score": 2
    },
    {
        "school_id": 272,
        "school_name": "ISEN Rennes (Rennes)",
        "score": 1
    },
    {
        "school_id": 60,
        "school_name": "ISEN Toulon / ISEN Toulon",
        "score": 4
    },
    {
        "school_id": 61,
        "school_name": "ISEP PARIS / ISEP",
        "score": 0
    },
    {
        "school_id": 274,
        "school_name": "ISIFC (Besançon)",
        "score": 3
    },
    {
        "school_id": 275,
        "school_name": "ISIMA (Aubière)",
        "score": 0
    },
    {
        "school_id": 276,
        "school_name": "ISIV (Valenciennes)",
        "score": 5
    },
    {
        "school_id": 277,
        "school_name": "ISMANS (Le Mans)",
        "score": 1
    },
    {
        "school_id": 278,
        "school_name": "ISPA Alençon (Alençon)",
        "score": 5
    },
    {
        "school_id": 279,
        "school_name": "ISTIA (Angers)",
        "score": 3
    },
    {
        "school_id": 62,
        "school_name": "ISTOM / ISTOM",
        "score": 2
    },
    {
        "school_id": 280,
        "school_name": "ISTP Saint-Etienne (Saint-Etienne)",
        "score": 5
    },
    {
        "school_id": 281,
        "school_name": "ISTY (Vélizy Villacoublay)",
        "score": 5
    },
    {
        "school_id": 63,
        "school_name": "ITCBTP MONTPELLIER / ITCBTP",
        "score": 3
    },
    {
        "school_id": 282,
        "school_name": "ITECH Lyon (Ecully)",
        "score": 4
    },
    {
        "school_id": 283,
        "school_name": "ITESCIA, campus de Cergy (Cergy-Pontoise)",
        "score": 6
    },
    {
        "school_id": 284,
        "school_name": "ITIAPE (Lesquin)",
        "score": 1
    },
    {
        "school_id": 64,
        "school_name": "ITII 2 SAVOIES / ITII 2 Savoies",
        "score": 4
    },
    {
        "school_id": 285,
        "school_name": "ITII Alsace (Mulhouse)",
        "score": 1
    },
    {
        "school_id": 286,
        "school_name": "ITII Aquitaine (Bruges)",
        "score": 2
    },
    {
        "school_id": 67,
        "school_name": "ITII AUVERGNE / ITII Auvergne",
        "score": 3
    },
    {
        "school_id": 287,
        "school_name": "ITII Basse-Normandie (Caen)",
        "score": 3
    },
    {
        "school_id": 65,
        "school_name": "ITII Bourgogne / ITII Bourgogne",
        "score": 3
    },
    {
        "school_id": 288,
        "school_name": "ITII Bretagne (Rennes)",
        "score": 4
    },
    {
        "school_id": 289,
        "school_name": "ITII Centre (La Chapelle-Saint-Mesmin)",
        "score": 1
    },
    {
        "school_id": 290,
        "school_name": "ITII Champagne-Ardenne (Châlons-en-Champagne)",
        "score": 1
    },
    {
        "school_id": 292,
        "school_name": "ITII Dauphiné Vivarais (Valence)",
        "score": 3
    },
    {
        "school_id": 291,
        "school_name": "ITII Franche Comté (Besançon)",
        "score": 2
    },
    {
        "school_id": 293,
        "school_name": "ITII Haute-Normandie (Evreux)",
        "score": 1
    },
    {
        "school_id": 66,
        "school_name": "ITII ILE-DE-FRANCE / ITII Ile de France",
        "score": 2
    },
    {
        "school_id": 294,
        "school_name": "ITII Lorraine (Metz)",
        "score": 5
    },
    {
        "school_id": 69,
        "school_name": "ITII Lyon / ITII Lyon",
        "score": 5
    },
    {
        "school_id": 295,
        "school_name": "ITII Midi Pyrénées (Toulouse)",
        "score": 5
    },
    {
        "school_id": 296,
        "school_name": "ITII Nord-Pas-de-Calais (Henin Beaumont)",
        "score": 5
    },
    {
        "school_id": 297,
        "school_name": "ITII Paca (Istres)",
        "score": 4
    },
    {
        "school_id": 298,
        "school_name": "ITII Pays de la Loire (SAINT-HERBLAIN CEDEX)",
        "score": 3
    },
    {
        "school_id": 299,
        "school_name": "ITII Picardie EI CNAM (Amiens)",
        "score": 2
    },
    {
        "school_id": 300,
        "school_name": "ITII Poitou-Charentes (Châtellerault)",
        "score": 5
    },
    {
        "school_id": 301,
        "school_name": "ITIN (Cergy-Pontoise)",
        "score": 3
    },
    {
        "school_id": 302,
        "school_name": "L'Institut d'Optique Graduate School (Palaise",
        "score": 3
    },
    {
        "school_id": 68,
        "school_name": "LASALLE BEAUVAIS / LaSalle Beauvais",
        "score": 3
    },
    {
        "school_id": 303,
        "school_name": "Mines - Paris Tech (Paris)",
        "score": 3
    },
    {
        "school_id": 70,
        "school_name": "MINES SAINT-ÉTIENNE / ENSM.SE",
        "score": 1
    },
    {
        "school_id": 71,
        "school_name": "MONTPELLIER SUPAGRO / Montpellier SupAgro",
        "score": 0
    },
    {
        "school_id": 73,
        "school_name": "ONIRIS NANTES / ONIRIS",
        "score": 4
    },
    {
        "school_id": 304,
        "school_name": "PaoliTech (Corte)",
        "score": 5
    },
    {
        "school_id": 305,
        "school_name": "Polytech Annecy-Chambéry (Annecy-le-Vieux)",
        "score": 2
    },
    {
        "school_id": 306,
        "school_name": "Polytech Clermont-Ferrand (Aubière)",
        "score": 3
    },
    {
        "school_id": 307,
        "school_name": "Polytech Grenoble (Grenoble)",
        "score": 5
    },
    {
        "school_id": 308,
        "school_name": "Polytech Lille (Villeneuve-d'Ascq)",
        "score": 2
    },
    {
        "school_id": 309,
        "school_name": "Polytech Lyon (Villeurbanne)",
        "score": 3
    },
    {
        "school_id": 72,
        "school_name": "POLYTECH MARSEILLE / Polytech Marseille",
        "score": 5
    },
    {
        "school_id": 311,
        "school_name": "Polytech Montpellier (Montpellier)",
        "score": 4
    },
    {
        "school_id": 310,
        "school_name": "Polytech Nantes (Nantes)",
        "score": 2
    },
    {
        "school_id": 312,
        "school_name": "Polytech Nice-Sophia Antipolis (Sophia-Antipo",
        "score": 1
    },
    {
        "school_id": 313,
        "school_name": "Polytech Orléans (Orléans)",
        "score": 5
    },
    {
        "school_id": 314,
        "school_name": "Polytech Paris - UPMC (Paris)",
        "score": 2
    },
    {
        "school_id": 315,
        "school_name": "Polytech Paris-Sud (Orsay)",
        "score": 0
    },
    {
        "school_id": 316,
        "school_name": "Polytech Tours (Tours)",
        "score": 3
    },
    {
        "school_id": 317,
        "school_name": "SeaTech (Toulon)",
        "score": 6
    },
    {
        "school_id": 74,
        "school_name": "SUP GALILÉE / Sup Galilée",
        "score": 4
    },
    {
        "school_id": 318,
        "school_name": "Sup'Biotech (Villejuif)",
        "score": 2
    },
    {
        "school_id": 3,
        "school_name": "Supinfo",
        "score": 6
    },
    {
        "school_id": 319,
        "school_name": "SUPINFO (Paris)",
        "score": 3
    },
    {
        "school_id": 75,
        "school_name": "SUPMECA / Supméca Paris",
        "score": 0
    },
    {
        "school_id": 320,
        "school_name": "TÉLÉCOM Bretagne (Brest)",
        "score": 1
    },
    {
        "school_id": 76,
        "school_name": "TELECOM LILLE / Télécom Lille",
        "score": 1
    },
    {
        "school_id": 77,
        "school_name": "TELECOM NANCY / TELECOM Nancy",
        "score": 1
    },
    {
        "school_id": 78,
        "school_name": "TELECOM ParisTech / TELECOM ParisTech",
        "score": 5
    },
    {
        "school_id": 321,
        "school_name": "Télécom Physique Strasbourg (Illkirch)",
        "score": 6
    },
    {
        "school_id": 322,
        "school_name": "Télécom SudParis (Evry)",
        "score": 3
    },
    {
        "school_id": 323,
        "school_name": "TSE (Saint-Etienne)",
        "score": 5
    },
    {
        "school_id": 324,
        "school_name": "UTBM (Belfort)",
        "score": 6
    },
    {
        "school_id": 325,
        "school_name": "UTC (Compiègne)",
        "score": 0
    },
    {
        "school_id": 326,
        "school_name": "UTT (Troyes)",
        "score": 1
    },
    {
        "school_id": 79,
        "school_name": "VETAGRO SUP / VetAgro Sup",
        "score": 4
    }
]